unique_id,category,variation,nice_name,artist,mafia_name,twitter,instagram,filename paste,file,inches,inch_variance,radius_max,serving_min,serving_max,pie_count,layer
0000,box,cardboard,Pizza Box,Michael Sparber,,,,0000-box-cardboard,Y,,,,,,,
0010,box,greasy,Greasy Pizza Box,Loud Colorz,,,,0000-box-greasy,Y,,,,,,,
0500,paper,redchecker,Checker Wax Paper,Michael Sparber,,,,0500-paper-redchecker,Y,,,,,,,
1000,crust,thincrust,Thin Crust,Michael Sparber,,,,1000-crust-thincrust,Y,,,,,,,
1010,crust,thickcrust,#REF!,Erick Stow,,,,1010-crust-thickcrust,Y,,,,,,,
1020,crust,mooncrust,#REF!,Joel Fallerini,,,,1020-crust-mooncrust,Y,,,,,,,
1030,crust,stuffedcheese,#REF!,,,,,1030-crust-stuffedcheese,N,,,,,,,
1040,crust,castle,#REF!,,,,,,,,,,,,,
1050,crust,whitebread,#REF!,,,,,,,,,,,,,
1060,crust,cauliflower,#REF!,,,,,,,,,,,,,
1070,crust,,#REF!,,,,,,,,,,,,,
2000,sauce,tomato,Tomato Sauce,#REF!,,,,2000-sauce-tomato,Y,,,,,,,
2010,sauce,pesto,Pesto Sauce,#REF!,,,,2010-sauce-pesto,Y,,,,,,,
2020,sauce,mud,Mud Sauce,#REF!,,,,2020-sauce-mud,Y,,,,,,,
2030,sauce,bbq,BBQ Sauce,#REF!,,,,2030-sauce-bbq,Y,,,,,,,
2040,sauce,nutella,Nutella Sauce,#REF!,,,,2040-sauce-nutella,N,,,,,,,
2050,sauce,white,White Sauce,#REF!,,,,2050-sauce-white,N,,,,,,,
2060,sauce,deepspace,Deep Space Sauce,#REF!,,,,2060-sauce-deepspace,Y,,,,,,,
2070,sauce,prismicfluid,Prismic Fluid,#REF!,,,,2070-sauce-prismicfluid,Y,,,,,,,
2080,sauce,currysauce,Curry Sauce,#REF!,,,,2080-sauce-currysauce,N,,,,,,,
2090,sauce,redglitter,Red Glitter Sauce,#REF!,,,,2090-sauce-redglitter,N,,,,,,,
3000,cheese,mozzarella,Mozzarella,Erick Stow,,,,3000-cheese-mozzarella,Y,,,,,,,
3010,cheese,digitalvegan,Digital Vegan,John Cabrera,,,,3010-cheese-digitalvegan,Y,,,,,,,
3020,cheese,fetaballs,Feta Balls,Alex Likissas,,,,3020-cheese-fetaballs,Y,,,,,,,
3030,cheese,smoked mozzarella,Smoked Mozzarella Chunks,John Brassell,,,,3030-cheese-smoked mozzarella,Y,,,,,,,
3031,cheese,smoked mozzarella,Smoked Mozzarella Chunks,John Brassell,,,,3031-cheese-smoked mozzarella,Y,,,,,,,
3032,cheese,smoked mozzarella,Smoked Mozzarella Chunks,John Brassell,,,,3032-cheese-smoked mozzarella,Y,,,,,,,
3040,cheese,goat,Goat Cheese Bits,Bobby 0xelrod,,,,3040-cheese-goat,Y,,,,,,,
3050,cheese,czech,Czech,113kw Kristina Weiserova,,,,3050-cheese-czech,Y,,,,,,,
3060,cheese,,Blue Cheese Bits,,,,,3060-cheese-,N,,,,,,,
3070,cheese,provolone,Standard Provolone,Santa,,,,3070-cheese-provolone,Y,,,,,,,
3071,cheese,provolone,Rainbow Provolone,Santa,,,,3071-cheese-provolone,Y,,,,,,,
3080,cheese,,Gouda,AVL Joe America,,,,3080-cheese-,N,,,,,,,
3090,cheese,chezdoge,Chez Doge,Kumi,,,,3090-cheese-chezdoge,Y,,,,,,,
3100,cheese,,Quattro Formaggi (4cheese),Raphael Kling,,,,3100-cheese-,N,,,,,,,
3110,cheese,,Ricotta bits,Alexander Mazzei,,,,3110-cheese-,N,,,,,,,
3120,cheese,,Korbacik (Slovakian Cheese),Jaromir Hruby,,,,3120-cheese-,N,,,,,,,
3120,extra-cheese,korbacik,,Jaromir Hruby,,,,3120-extra-cheese-korbacik,Y,,,,,,,
3140,cheese,,Cheddar bits,Wj,,,,3140-cheese-,N,,,,,,,
3150,cheese,,Cheese Thin crust pan,Shiva,,,,3150-cheese-,N,,,,,,,
3160,cheese,,Vegan Cheese bits,John Cabrera,,,,3160-cheese-,N,,,,,,,
3170,cheese,,Gorgonzola bits,Julius,,,,3170-cheese-,N,,,,,,,
3171,cheese,cheesecake,A Tie-die Cheesey Treat,Doug Kelly,,,,#REF!,N,,,,,,,
4000,topping-meat,pepperoni,Pepperoni,Zedarius,,,,4000-topping-meat-pepperoni,Y,1.75,0.25,,,,,
4001,topping-meat,pepperoni,Pepperoni,Zedarius,,,,4001-topping-meat-pepperoni,Y,1.75,0.25,,,,,
4002,topping-meat,pepperoni,Pepperoni,Zedarius,,,,4002-topping-meat-pepperoni,Y,1.75,0.25,,,,,
4003,topping-meat,pepperoni,Pepperoni,Zedarius,,,,4003-topping-meat-pepperoni,Y,1.75,0.25,,,,,
4004,topping-meat,pepperoni,Pepperoni,Zedarius,,,,4004-topping-meat-pepperoni,Y,1.75,0.25,,,,,
4005,topping-meat,pepperoni,Pepperoni,Zedarius,,,,4005-topping-meat-pepperoni,Y,1.75,0.25,,,,,
4006,topping-meat,pepperoni,Pepperoni,Zedarius,,,,4006-topping-meat-pepperoni,Y,1.75,0.25,,,,,
4010,topping-meat,salami,Salami,Mike Wert,,,,4010-topping-meat-salami,Y,2,0.3,,,,,
4011,topping-meat,salami,Salami,Mike Wert,,,,4011-topping-meat-salami,Y,2,0.3,,,,,
4012,topping-meat,salami,Salami,Mike Wert,,,,4012-topping-meat-salami,Y,2,0.3,,,,,
4020,topping-meat,turkeysausage,Tukey Sausage,Brandon Forant,,,,4020-topping-meat-turkeysausage,Y,4.5,,,,,,
4021,topping-meat,turkeysausage,Tukey Sausage,Brandon Forant,,,,4021-topping-meat-turkeysausage,Y,4.5,,,,,,
4030,topping-meat,spam,Spiced Ham,Yma,,,,4030-topping-meat-spam,Y,3,,,,,,
4031,topping-meat,spam,Spiced Ham,Yma,,,,4031-topping-meat-spam,Y,3,,,,,,
4032,topping-meat,spam,Spiced Ham,Yma,,,,4032-topping-meat-spam,Y,3,,,,,,
4033,topping-meat,spam,Spiced Ham,Yma,,,,4033-topping-meat-spam,Y,3,,,,,,
4034,topping-meat,spam,Spiced Ham,Yma,,,,4034-topping-meat-spam,Y,3,,,,,,
4035,topping-meat,spam,Spiced Ham,Yma,,,,4035-topping-meat-spam,Y,3,,,,,,
4036,topping-meat,spam,Spiced Ham,Yma,,,,4036-topping-meat-spam,Y,3,,,,,,
4037,topping-meat,spam,Spiced Ham,Yma,,,,4037-topping-meat-spam,Y,3,,,,,,
4038,topping-meat,spam,Spiced Ham,Yma,,,,4038-topping-meat-spam,Y,3,,,,,,
4040,topping-meat,ham,Ham,,,,,4040-topping-meat-ham,N,,,,,,,
4050,topping-meat,duck,Duck,,,,,4050-topping-meat-duck,N,,,,,,,
4060,topping-meat,turkey,Turkey,,,,,4060-topping-meat-turkey,N,,,,,,,
4070,topping-meat,prosciutto,Prosciutto,,,,,4070-topping-meat-prosciutto,N,,,,,,,
4090,topping-meat,beef,Beef,,,,,4090-topping-meat-beef,N,,,,,,,
4100,topping-meat,chickentikka,Chicken Tikka,,,,,4100-topping-meat-chickentikka,N,,,,,,,
4110,topping-meat,chorizo,Chorizo,Jay,,,,4110-topping-meat-chorizo,N,,,,,,,
4120,topping-meat,bbqchicken,BBQ Chicken,Angel,,,,4120-topping-meat-bbqchicken,Y,8,,,,,,TOP
4130,topping-meat,bacon,Bacon,JP,,,,4130-topping-meat-bacon,N,,,,,,,
4140,topping-meat,venison,Venison,Matthew Michaud ,,,,4140-topping-meat-venison,N,,,,,,,
4150,topping-meat,sausage,Sausage,Kenny Schachter,,,,4150-topping-meat-sausage,N,,,,,,,
4160,topping-meat,meatballs,Meatballs,Robbie,,,,4160-topping-meat-meatballs,N,,,,,,,
4170,topping-meat,dumpling,Dumpling,Tina,,,,4170-topping-meat-dumpling,N,,,,,,,
4180,topping-meat,buffalochicken,Buffalo Chicken,Trekk,,,,4180-topping-meat-buffalochicken,N,,,,,,,
4190,topping-meat,charsiupork,Char Siu Pork,Allan Xia,,,,4190-topping-meat-charsiupork,N,,,,,,,
4200,topping-meat,cheeseburger,Cheeseburger,Selena Hernandez,,,,4200-topping-meat-cheeseburger,Y,3.75,,,,,,
4210,topping-meat,vegansausage,Vegan Sausage,John Caldwell,,,,4210-topping-meat-vegansausage,Y,4,,,,,,
4220,topping-meat,eyeball,Eyeball,Raster Eyes,,,,4220-topping-meat-eyeball,Y,1.5,,,,,,
4230,topping-meat,finger,Index Finger,Hwaji (Don Fingas),,hwajilla,,4230-topping-meat-finger,Y,3,,,,,,
4231,topping-meat,finger,Middle Finger,Hwaji (Don Fingas),,hwajilla,,4231-topping-meat-finger,Y,3,,,,,,
4232,topping-meat,finger,Ring Finger,Hwaji (Don Fingas),,hwajilla,,4232-topping-meat-finger,Y,3,,,,,,
4233,topping-meat,finger,Pinky Finger,Hwaji (Don Fingas),,hwajilla,,4233-topping-meat-finger,Y,3,,,,,,
4234,topping-meat,finger,Thumb Finger,Hwaji (Don Fingas),,hwajilla,,4234-topping-meat-finger,Y,3,,,,,,
4235,extra-special,bigtoe,Big Toe,Hwaji (Don Fingas),,,,4235-extra-special-bigtoe,Y,3,,,,,,
4240,topping-meat,rainbowpepperoni,Rainbow Pepperoni,Florian Tappeser / digitalflower,,,,4240-topping-meat-rainbowpepperoni,Y,1.75,,,,,,
4250,topping-meat,kali,Kali Eucharist,Gluten free Garfield ,,@chelseascreename,,4250-topping-meat-kali,Y,1.75,,,,,,
4260,topping-meat,seitan,Seitan,Timo Kuzme,,,,4260-topping-meat-seitan,Y,3,,,,,,
4270,topping-meat,escargot,Pesto Snail with Garlic,Pixiegirl,,,,4270-topping-meat-escargot,Y,1.5,,,,,,
4271,topping-meat,escargot,Banana Snail,Pixiegirl,,,,4271-topping-meat-escargot,Y,1.5,,,,,,
4272,topping-meat,escargot,Sacrebleu Es-car-go!,Pixiegirl,,,,4272-topping-meat-escargot,Y,1.5,,,,,,
4273,topping-meat,escargot,Lollipop Snail,Pixiegirl,,,,4273-topping-meat-escargot,Y,1.5,,,,,,
4274,topping-meat,escargot,Eggplant Escargot,Pixiegirl,,,,4274-topping-meat-escargot,Y,1.5,,,,,,
4275,topping-meat,escargot,Nyan Katatsumuri,Pixiegirl,,,,4275-topping-meat-escargot,Y,1.5,,,,,,
4280,topping-meat,roastbeef,Synthetic AI Roast Beef,Sebastian K.,,,,4280-topping-meat-roastbeef,Y,3,,,,,,
4281,topping-meat,roastbeef,Synthetic AI Roast Beef,Sebastian K.,,,,4281-topping-meat-roastbeef,Y,3,,,,,,
4282,topping-meat,roastbeef,Synthetic AI Roast Beef,Sebastian K.,,,,4282-topping-meat-roastbeef,Y,3,,,,,,
4283,topping-meat,roastbeef,Synthetic AI Roast Beef,Sebastian K.,,,,4283-topping-meat-roastbeef,Y,3,,,,,,
4284,topping-meat,roastbeef,Synthetic AI Roast Beef,Sebastian K.,,,,4284-topping-meat-roastbeef,Y,3,,,,,,
4285,topping-meat,roastbeef,Synthetic AI Roast Beef,Sebastian K.,,,,4285-topping-meat-roastbeef,Y,3,,,,,,
4280,topping-meat,,Owl,Hawkward,,,,4280-topping-meat-,N,,,,,,,
4290,topping-meat,,Owl Pellet,Big Larko,,,,4290-topping-meat-,N,,,,,,,
4300,topping-meat,,Doves,Bomani X,,,,4300-topping-meat-,N,,,,,,,
4310,topping-meat,froglegs,Frog Legs,Darko,,,,4310-topping-meat-froglegs,Y,3,,,,,,
4311,topping-meat,froglegs,Frog Legs,Darko,,,,4311-topping-meat-froglegs,Y,3,,,,,,
4312,topping-meat,froglegs,Frog Legs,Darko,,,,4312-topping-meat-froglegs,Y,3,,,,,,
4320,topping-meat,,Reindeer,@Wdidriksson,,,,4320-topping-meat-,N,,,,,,,
4330,topping-meat,,Meat Sticks,Asteria,,,,4330-topping-meat-,N,,,,,,,
4340,topping-meat,,Smoked Turkey,Emmanuel Okoye,,,,4340-topping-meat-,N,,,,,,,
4350,topping-meat,,Jerk Chicken,Luke Beckford,,,,4350-topping-meat-,N,,,,,,,
4360,topping-meat,,Zombie,dada.art,,,,4360-topping-meat-,N,,,,,,,
4370,topping-meat,oxtail,Oxtail,Anthony Sijuade Omishade Ankanbi,,,,4370-topping-meat-oxtail,Y,3,,,,,,
4371,topping-meat,oxtail,Oxtail,Anthony Sijuade Omishade Ankanbi,,,,4371-topping-meat-oxtail,Y,3,,,,,,
4372,topping-meat,oxtail,Oxtail,Anthony Sijuade Omishade Ankanbi,,,,4372-topping-meat-oxtail,Y,3,,,,,,
4380,topping-meat,,Pizza Rat,Jacklyn Atkinson,,,,4380-topping-meat-,N,,,,,,,
5000,topping-fruit,tomato,Tomato,David Horvath & Sun-Min,,,,5000-topping-fruit-tomato,N,,,,,,,
5010,topping-fruit,greenpapaya,Green Papaya,Ham,,,,5010-topping-fruit-greenpapaya,N,,,,,,,
5020,topping-fruit,pineapple,Pineapple,reserved for MEME,,,,5020-topping-fruit-pineapple,N,,,,,,,
5030,topping-fruit,olives,Black Olives,Ciara Bourne,,,,5030-topping-fruit-olives,N,,,,,,,
5050,topping-fruit,watermelon,Watermelon,TDogNasty,,,,5050-topping-fruit-watermelon,Y,3,,,,,,
5051,topping-fruit,watermelon,Watermelon,TDogNasty,,,,5051-topping-fruit-watermelon,Y,3,,,,,,
5052,topping-fruit,watermelon,Watermelon,TDogNasty,,,,5052-topping-fruit-watermelon,Y,3,,,,,,
5053,topping-fruit,watermelon,Watermelon,TDogNasty,,,,5053-topping-fruit-watermelon,Y,3,,,,,,
5054,topping-fruit,watermelon,Waterfelon,TDogNasty,,,,5054-topping-fruit-watermelon,Y,3,,,,,,
5060,topping-fruit,kiwi,Kiwi,Pajke,,,,5060-topping-fruit-kiwi,Y,2,,,,,,
5070,topping-fruit,orange,Orange,Nika Kotl√°rikov√°,,,,5070-topping-fruit-orange,N,,,,,,,
5080,topping-fruit,peach,Peaches,cherleela,,,,5080-topping-fruit-peach,Y,4,,,,,,
5081,topping-fruit,peach,Peaches,cherleela,,,,5081-topping-fruit-peach,Y,2.5,,,,,,
5082,topping-fruit,peach,Peaches,cherleela,,,,5082-topping-fruit-peach,Y,2.5,,,,,,
5083,topping-fruit,peach,Peaches,cherleela,,,,5083-topping-fruit-peach,Y,2.5,,,,,,
5090,topping-fruit,strawberry,Strawberries,Kierstin,,,,5090-topping-fruit-strawberry,Y,1.5,,,,,,
5091,topping-fruit,strawberry,Strawberries,Kierstin,,,,5091-topping-fruit-strawberry,Y,1.5,,,,,,
5100,topping-fruit,apple,Apples,danscher,,,,5100-topping-fruit-apple,Y,2.5,,,,,,
5101,topping-fruit,apple,Apples,danscher,,,,5101-topping-fruit-apple,Y,2.5,,,,,,
5102,topping-fruit,apple,Apples,danscher ,,,,5102-topping-fruit-apple,Y,2.5,,,,,,
5103,topping-fruit,apple,Apples,danscher,,,,5103-topping-fruit-apple,Y,2.5,,,,,,
5104,topping-fruit,apple,Apples,danscher,,,,5104-topping-fruit-apple,Y,2.5,,,,,,
5105,topping-fruit,apple,Apples,danscher,,,,5105-topping-fruit-apple,Y,2.5,,,,,,
5106,topping-fruit,apple,Apples,danscher,,,,5106-topping-fruit-apple,Y,2.5,,,,,,
5110,topping-fruit,cherry,Cherry,sooscape,,,,5110-topping-fruit-cherry,Y,2,,,,,,
5111,topping-fruit,cherry,Cherry,sooscape,,,,5111-topping-fruit-cherry,Y,2,,,,,,
5112,topping-fruit,cherry,Cherry,sooscape,,,,5112-topping-fruit-cherry,Y,2,,,,,,
5113,topping-fruit,cherry,Cherry,sooscape,,,,5113-topping-fruit-cherry,Y,2,,,,,,
5114,topping-fruit,cherry,Cherry,sooscape,,,,5114-topping-fruit-cherry,Y,2,,,,,,
5115,topping-fruit,cherry,Cherry,sooscape,,,,5115-topping-fruit-cherry,Y,2,,,,,,
5120,topping-fruit,blackberry,Black Berries,simone leonelli,,,,5120-topping-fruit-blackberry,Y,1,,,,,,
5121,topping-fruit,blackberry,Black Berries,simone leonelli,,,,5121-topping-fruit-blackberry,Y,1,,,,,,
5122,topping-fruit,blackberry,Black Berries,simone leonelli,,,,5122-topping-fruit-blackberry,Y,1,,,,,,
5123,topping-fruit,blackberry,Black Berries,simone leonelli,,,,5123-topping-fruit-blackberry,Y,1,,,,,,
5124,topping-fruit,blackberry,Black Berries,simone leonelli,,,,5124-topping-fruit-blackberry,Y,1,,,,,,
5125,topping-fruit,blackberry,Black Berries,simone leonelli,,,,5125-topping-fruit-blackberry,Y,1,,,,,,
5130,topping-fruit,orangeslices,Orange Slices,#REF!,#REF!,#REF!,,5130-topping-fruit-orangeslices,Y,3,,,,,,
5131,topping-fruit,orangeslices,Orange Slices,#REF!,#REF!,#REF!,,5131-topping-fruit-orangeslices,Y,3,,,,,,
5132,topping-fruit,orangeslices,Orange Slices,#REF!,#REF!,#REF!,,5132-topping-fruit-orangeslices,Y,3,,,,,,
5140,topping-fruit,cantalope,Cantalope,Ain,ainnamseo,,,5140-topping-fruit-cantalope,Y,6,,,,,,
5141,topping-fruit,cantalope,Cantalope,Ain,ainnamseo,,,5141-topping-fruit-cantalope,Y,6,,,,,,
5142,topping-fruit,cantalope,Cantalope,Ain,ainnamseo,,,5142-topping-fruit-cantalope,Y,6,,,,,,
5150,topping-fruit,passionfruite,Passion Fruite,·ÑÜ·ÖÆ·Ü´·ÑÉ·Ö≥·Ü® ·ÑÜ·Ö°·ÑÖ·Öµ ,,,,5150-topping-fruit-passionfruite,Y,3,,,,,,
5151,topping-fruit,passionfruite,Passion Fruite,·ÑÜ·ÖÆ·Ü´·ÑÉ·Ö≥·Ü® ·ÑÜ·Ö°·ÑÖ·Öµ ,,,,5151-topping-fruit-passionfruite,Y,3,,,,,,
5152,topping-fruit,passionfruite,Passion Fruite,·ÑÜ·ÖÆ·Ü´·ÑÉ·Ö≥·Ü® ·ÑÜ·Ö°·ÑÖ·Öµ ,,,,5152-topping-fruit-passionfruite,Y,3,,,,,,
5160,topping-fruit,orangepeel,Orange Peel,Phillip Reay,Don Ciao,,,5160-topping-fruit-orangepeel,Y,5,,,,,,
5161,topping-fruit,orangepeel,Orange Peel,Phillip Reay,Don Ciao,,,5161-topping-fruit-orangepeel,Y,5,,,,,,
5162,topping-fruit,orangepeel,Orange Peel,Phillip Reay,Don Ciao,,,5162-topping-fruit-orangepeel,Y,5,,,,,,
5163,topping-fruit,orangepeel,Orange Peel,Phillip Reay,Don Ciao,,,5163-topping-fruit-orangepeel,Y,5,,,,,,
5154,topping-fruit,orangepeel,Orange Peel,Phillip Reay,Don Ciao,,,5154-topping-fruit-orangepeel,Y,5,,,,,,
5170,topping-fruit,blackolives,Black Olives,Ciara Bourne,,,,5170-topping-fruit-blackolives,Y,,,,,,,
5171,topping-fruit,blackolives,Black Olives,Ciara Bourne,,,,5171-topping-fruit-blackolives,Y,,,,,,,
5172,topping-fruit,blackolives,Black Olives,Ciara Bourne,,,,5172-topping-fruit-blackolives,Y,,,,,,,
5180,topping-fruit,dates,Dates,SharonaColor,,,,,,,,,,,,
5181,topping-fruit,dates,Dates,SharonaColor,,,,,,,,,,,,
5182,topping-fruit,dates,Dates,SharonaColor,,,,,,,,,,,,
,,,,,,,,,,,,,,,,
,,,,,,,,,,,,,,,,
,,,,,,,,,,,,,,,,
,,,,,,,,,,,,,,,,
,,,,,,,,,,,,,,,,
,,,,,,,,,,,,,,,,
,,,,,,,,,,,,,,,,
,,,,,,,,,,,,,,,,
,,,,,,,,,,,,,,,,
,,,,,,,,,,,,,,,,
,,,,,,,,,,,,,,,,
5200,topping-pepper,chili,Chili's Pepper,Shiraz,,,,5200-topping-pepper-chili,Y,5.5,,,,,,
5201,topping-pepper,chili,Chili's Pepper,Shiraz,,,,5201-topping-pepper-chili,Y,5.5,,,,,,
5202,topping-pepper,chili,Chili's Pepper,Shiraz,,,,5202-topping-pepper-chili,Y,5.5,,,,,,
5203,topping-pepper,chili,Chili's Pepper,Shiraz,,,,5203-topping-pepper-chili,Y,5.5,,,,,,
5204,topping-pepper,chili,Chili's Pepper,Shiraz,,,,5204-topping-pepper-chili,Y,5.5,,,,,,
5205,topping-pepper,chili,Chili's Pepper,Shiraz,,,,5205-topping-pepper-chili,Y,5.5,,,,,,
5206,topping-pepper,chili,Chili's Pepper,Shiraz,,,,5206-topping-pepper-chili,Y,5.5,,,,,,
5210,topping-pepper,jalapenopeppers,slice,Jed Berk,,,,5210-topping-pepper-jalapenopeppers,Y,3,,,,,,
5211,topping-pepper,jalapenopeppers,red-green stem,Jed Berk,,,,5211-topping-pepper-jalapenopeppers,Y,3,,,,,,
5212,topping-pepper,jalapenopeppers,red-green-yellow-stem,Jed Berk,,,,5212-topping-pepper-jalapenopeppers,Y,3,,,,,,
5213,topping-pepper,jalapenopeppers,all green,Jed Berk,,,,5213-topping-pepper-jalapenopeppers,Y,3,,,,,,
5214,topping-pepper,jalapenopeppers,caterpillar half pepper,Jed Berk,,,,5214-topping-pepper-jalapenopeppers,Y,3,,,,,,
5215,topping-pepper,jalapenopeppers,caterpillar full pepper,Jed Berk,,,,5215-topping-pepper-jalapenopeppers,Y,3,,,,,,
5250,topping-pepper,ghost peppers,,mumbot,,,,5250-topping-pepper-ghost peppers,Y,3,,,,,,
5251,topping-pepper,ghost peppers,,mumbot,,,,5251-topping-pepper-ghost peppers,Y,3,,,,,,
5252,topping-pepper,ghost peppers,,mumbot,,,,5252-topping-pepper-ghost peppers,Y,3,,,,,,
5253,topping-pepper,ghost peppers,,mumbot,,,,5253-topping-pepper-ghost peppers,Y,3,,,,,,
5260,topping-pepper,,,,,,,5260-topping-pepper-,N,,,,,,,
5270,topping-pepper,,,,,,,5270-topping-pepper-,N,,,,,,,
5280,topping-pepper,,,,,,,5280-topping-pepper-,N,,,,,,,
5290,topping-pepper,,,,,,,5290-topping-pepper-,N,,,,,,,
5300,topping-pepper,,,,,,,5300-topping-pepper-,N,,,,,,,
5310,topping-pepper,,,,,,,5310-topping-pepper-,N,,,,,,,
5400,topping-fungi,mushrooms,Mushrooms,N.Sputnik (Nick),,,,5400-topping-fungi-mushrooms,Y,1.5,,,,,,
5410,topping-fungi,truffles,Truffle Pig,Reem Chahrour,,,,5410-topping-fungi-truffles,Y,2,,,,,,
5420,topping-fungi,magicmushroom,Magic Mushroom,LaLa Gardens,,,,5420-topping-fungi-magicmushroom,Y,4,,,,,,
5421,topping-fungi,magicmushroom,Magic Mushroom,LaLa Gardens,,,,5421-topping-fungi-magicmushroom,Y,4,,,,,,
5422,topping-fungi,magicmushroom,Magic Mushroom,LaLa Gardens,,,,5422-topping-fungi-magicmushroom,Y,4,,,,,,
5430,topping-fungi,spaceshroom,Space Shroom,TK Al-Mahti,,,,5430-topping-fungi-spaceshroom,Y,2,,,,,,
5431,topping-fungi,spaceshroom,Space Shroom,TK Al-Mahti,,,,5431-topping-fungi-spaceshroom,Y,2,,,,,,
5440,topping-fungi,porcini,Porcini,@hyper.aesthetics ,,,,5440-topping-fungi-porcini,Y,2,,,,,,
5441,topping-fungi,porcini,Porcini,@hyper.aesthetics ,,,,5441-topping-fungi-porcini,Y,2,,,,,,
5450,topping-fungi,trufflepig,Truffle Pig,caygen,,,,5450-topping-fungi-trufflepig,Y,3,,,,,,
5451,topping-fungi,trufflepig,Truffle Pig,caygen,,,,5451-topping-fungi-trufflepig,Y,3,,,,,,
5460,topping-fungi,psilocybin,Psilocybin,??????????????,,,,5460-topping-fungi-psilocybin,Y,4,,,,,,
5500,topping-nut,pistachios,Pistachios,BentleGiant,,,,5500-topping-nut-pistachios,Y,0.5,,,,,,
5501,topping-nut,pistachios,Pistachios,BentleGiant,,,,5501-topping-nut-pistachios,Y,0.5,,,,,,
5510,topping-nut,pinenuts,Pinenuts,Carlos,,,,5510-topping-nut-pinenuts,Y,0.25,,,,,,
5520,topping-nut,peanuts,Peanuts,Edom,,,,5520-topping-nut-peanuts,Y,1,,,,,,
5521,topping-nut,peanuts,Peanuts,Edom,,,,5521-topping-nut-peanuts,Y,1,,,,,,
5522,topping-nut,peanuts,Peanuts,Edom,,,,5522-topping-nut-peanuts,Y,1,,,,,,
5530,topping-nut,pecans,Pecans,??????????????,,,,5530-topping-nut-pecans,N,0.75,,,,,,
5600,topping-vegetable,leek,Miku Leek,Michelle Grepo,,,,5600-topping-vegetable-leek,Y,9,,,,,,
5610,topping-vegetable,vegansausage,Vegan Sausage,John Caldwell,,,,5610-topping-vegetable-vegansausage,Y,5,,,,,,
5611,topping-vegetable,vegansausage,Vegan Sausage,John Caldwell,,,,5611-topping-vegetable-vegansausage,Y,5,,,,,,
5612,topping-vegetable,vegansausage,Vegan Sausage,John Caldwell,,,,5612-topping-vegetable-vegansausage,Y,5,,,,,,
5613,topping-vegetable,vegansausage,Vegan Sausage,John Caldwell,,,,5613-topping-vegetable-vegansausage,Y,5,,,,,,
5614,topping-vegetable,vegansausage,Vegan Sausage,John Caldwell,,,,5614-topping-vegetable-vegansausage,Y,5,,,,,,
5620,topping-vegetable,cactus,Cactus,Amber Tran,,,,5620-topping-vegetable-cactus,Y,4,,,,,,
5621,topping-vegetable,cactus,Cactus,Amber Tran,,,,5621-topping-vegetable-cactus,Y,4,,,,,,
5622,topping-vegetable,cactus,Cactus,Amber Tran,,,,5622-topping-vegetable-cactus,Y,4,,,,,,
5623,topping-vegetable,cactus,Cactus,Amber Tran,,,,5623-topping-vegetable-cactus,Y,4,,,,,,
5624,topping-vegetable,cactus,Cactus,Amber Tran,,,,5624-topping-vegetable-cactus,Y,4,,,,,,
5625,topping-vegetable,cactus,Cactus,Amber Tran,,,,5625-topping-vegetable-cactus,Y,4,,,,,,
5630,topping-vegetable,eggplant,Egg Plant,,,,,5630-topping-vegetable-eggplant,N,,,,,,,
5640,topping-vegetable,edamame,,eitoasano,,,,5640-topping-vegetable-edamame,Y,0.5,,,,,,
5641,topping-vegetable,edamame,,eitoasano,,,,5641-topping-vegetable-edamame,Y,0.5,,,,,,
5650,topping-vegetable,tofu,Tofu,Haney Canvas,,,,5650-topping-vegetable-tofu,Y,1,,,,,,
5651,topping-vegetable,tofu,Tofu,Haney Canvas,,,,5651-topping-vegetable-tofu,Y,1,,,,,,
5652,topping-vegetable,tofu,Tofu,Haney Canvas,,,,5652-topping-vegetable-tofu,Y,1,,,,,,
5653,topping-vegetable,tofu,Tofu,Haney Canvas,,,,5653-topping-vegetable-tofu,Y,1,,,,,,
5654,topping-vegetable,tofu,Tofu,Haney Canvas,,,,5654-topping-vegetable-tofu,Y,1,,,,,,
5655,topping-vegetable,tofu,Tofu,Haney Canvas,,,,5655-topping-vegetable-tofu,Y,1,,,,,,
5660,topping-vegetable,spinach,Spinach,Laura Shepherd,3D Pizza,@Ls528art,@Ls528,5660-topping-vegetable-spinach,Y,2,3,4,2,3,,
5661,topping-vegetable,spinach,Spinach,Laura Shepherd,3D Pizza,@Ls528art,@Ls528,5661-topping-vegetable-spinach,Y,2,3,4,2,3,,
5662,topping-vegetable,spinach,Spinach,Laura Shepherd,3D Pizza,@Ls528art,@Ls528,5662-topping-vegetable-spinach,Y,2,3,4,2,3,,
5663,topping-vegetable,spinach,Spinach,Laura Shepherd,3D Pizza,@Ls528art,@Ls528,5663-topping-vegetable-spinach,Y,2.5,3.5,4.5,2,3,,
5664,topping-vegetable,spinach,Spinach,Laura Shepherd,3D Pizza,@Ls528art,@Ls528,5664-topping-vegetable-spinach,Y,2.5,3.5,4.5,2,3,,
5665,topping-vegetable,spinach,Spinach,Laura Shepherd,3D Pizza,@Ls528art,@Ls528,5665-topping-vegetable-spinach,Y,3,4,4.5,2,3,,
5670,topping-vegetable,pickles,Pickles,maceo Culture,,,,5670-topping-vegetable-pickles,Y,1.5,,,,,,
5671,topping-vegetable,pickles,Pickles,maceo Culture,,,,5671-topping-vegetable-pickles,Y,1.5,,,,,,
5672,topping-vegetable,pickles,Pickles,maceo Culture,,,,5672-topping-vegetable-pickles,Y,5,,,,,,
5673,topping-vegetable,pickles,Pickles,maceo Culture,,,,5673-topping-vegetable-pickles,Y,5,,,,,,
5680,topping-vegetable,bamboo,Bamboo,Damon Wolfe,,,,5680-topping-vegetable-bamboo,Y,5,,,,,,
5681,topping-vegetable,bamboo,Bamboo,Damon Wolfe,,,,5681-topping-vegetable-bamboo,Y,5,,,,,,
5682,topping-vegetable,bamboo,Bamboo,Damon Wolfe,,,,5682-topping-vegetable-bamboo,Y,5,,,,,,
5683,topping-vegetable,bamboo,Bamboo,Damon Wolfe,,,,5683-topping-vegetable-bamboo,Y,5,,,,,,
5684,topping-vegetable,bamboo,Bamboo,Damon Wolfe,,,,5684-topping-vegetable-bamboo,Y,5,,,,,,
5690,topping-vegetable,rosemary,Rosemary,Ashira Siegel Fox,,,,5690-topping-vegetable-rosemary,Y,4,,,,,,
5691,topping-vegetable,rosemary,Rosemary,Ashira Siegel Fox,,,,5691-topping-vegetable-rosemary,Y,1,,,,,,
5692,topping-vegetable,rosemary,Rosemary,Ashira Siegel Fox,,,,5692-topping-vegetable-rosemary,Y,4,,,,,,
5693,topping-vegetable,rosemary,Rosemary,Ashira Siegel Fox,,,,5693-topping-vegetable-rosemary,Y,1,,,,,,
5694,topping-vegetable,rosemary,Rosemary,Ashira Siegel Fox,,,,5694-topping-vegetable-rosemary,Y,1,,,,,,
5695,topping-vegetable,rosemary,Rosemary,Ashira Siegel Fox,,,,5695-topping-vegetable-rosemary,Y,1,,,,,,
5700,topping-vegetable,shadowplant,Shadow Plant,,Don Shadow,,,5700-topping-vegetable-shadowplant,Y,5,,,,,,
5701,topping-vegetable,shadowplant,Shadow Plant,,Don Shadow,,,5701-topping-vegetable-shadowplant,Y,5,,,,,,
5702,topping-vegetable,shadowplant,Shadow Plant,,Don Shadow,,,5702-topping-vegetable-shadowplant,Y,5,,,,,,
5703,topping-vegetable,shadowplant,Shadow Plant,,Don Shadow,,,5703-topping-vegetable-shadowplant,Y,5,,,,,,
5704,topping-vegetable,shadowplant,Shadow Plant,,Don Shadow,,,5704-topping-vegetable-shadowplant,Y,5,,,,,,
5705,topping-vegetable,shadowplant,Shadow Plant,,Don Shadow,,,5705-topping-vegetable-shadowplant,Y,5,,,,,,
5710,topping-vegetable,redonion,Red Onion,,Antonio Gloria,,,5710-topping-vegetable-redonion,Y,,,,,,,
5711,topping-vegetable,redonion,Red Onion,,Antonio Gloria,,,5711-topping-vegetable-redonion,Y,,,,,,,
5712,topping-vegetable,redonion,Red Onion,,Antonio Gloria,,,5712-topping-vegetable-redonion,Y,,,,,,,
5713,topping-vegetable,redonion,Red Onion,,Antonio Gloria,,,5713-topping-vegetable-redonion,Y,,,,,,,
5714,topping-vegetable,redonion,Red Onion,,Antonio Gloria,,,5714-topping-vegetable-redonion,Y,,,,,,,
5715,topping-vegetable,redonion,Red Onion,,Antonio Gloria,,,5715-topping-vegetable-redonion,Y,,,,,,,
,,,,,,,,,,,,,,,,
,,,,,,,,,,,,,,,,
,,,,,,,,,,,,,,,,
,,,,,,,,,,,,,,,,
6000,topping-seafood,shrimp,Shrimp,Anthony Shafer,,,,6000-topping-seafood-shrimp,Y,2.25,,,,,100,
6001,topping-seafood,shrimp,King Shrimp,Anthony Shafer,,,,6001-topping-seafood-shrimp,Y,2.5,,,,,50,
6002,topping-seafood,shrimp,Chef Shrimp,Anthony Shafer,,,,6002-topping-seafood-shrimp,Y,2.375,,,,,50,
6003,topping-seafood,shrimp,Head Chef Shrimp,Anthony Shafer,,,,6003-topping-seafood-shrimp,Y,2.4,,,,,30,
6004,topping-seafood,shrimp,,Anthony Shafer,,,,6004-topping-seafood-shrimp,Y,2.25,,,,,100,330
6010,topping-seafood,anchovies,Anchovy in water,Analemma,,,,6010-topping-seafood-anchovies,Y,3.5,,,,,,
6011,topping-seafood,anchovies,With a monocle,Analemma,,,,6011-topping-seafood-anchovies,Y,3.5,,,,,,
6020,topping-seafood,lobster,Lobster Claw,Badir McCleary,,,,6020-topping-seafood-lobster,Y,3,0.15,,,,30,
6021,topping-seafood,lobster,A live lobster,Badir McCleary,,,,6021-topping-seafood-lobster,Y,8.5,0.5,,,,10,top
6030,topping-seafood,scallop,Scallop,Mark Beylin,,,,6030-topping-seafood-scallop,Y,1.75,0.25,,,,,
6031,topping-seafood,scallop,Scallop,Mark Beylin,,,,6031-topping-seafood-scallop,Y,1.75,0.25,,,,,
6040,topping-seafood,salmon,Salmon,d3cker,,,,6040-topping-seafood-salmon,Y,4.5,0.1,,,,,
6041,topping-seafood,salmon,Salmon,d3cker,,,,6041-topping-seafood-salmon,Y,4.5,,,,,,
6042,topping-seafood,salmon,Salmon,d3cker,,,,6042-topping-seafood-salmon,Y,4.5,,,,,,
6050,topping-seafood,sardine,Sardine,LoBo_301,,,,6050-topping-seafood-sardine,Y,4,,,,,,
6051,topping-seafood,sardine,Sardine,LoBo_301,,,,6051-topping-seafood-sardine,Y,4,,,,,,
6060,topping-seafood,smokedsalmon,Smoked Salmon,Brad (Submitted),,,,6060-topping-seafood-smokedsalmon,N,,,,,,,
6070,topping-seafood,calamari,Calamari,necatuss (WIP),,,,6070-topping-seafood-calamari,N,,,,,,,
6080,topping-seafood,cthulhu,Cthulhu,Charlie Witter,,,,6080-topping-seafood-cthulhu,Y,9,,,,,,
6090,topping-seafood,poke,Poke,Jade Eiger,,,,6090-topping-seafood-poke,Y,4,,,,,,
6091,topping-seafood,poke,Poke,Jade Eiger,,,,6091-topping-seafood-poke,Y,4,,,,,,
6092,topping-seafood,poke,Poke,Jade Eiger,,,,6092-topping-seafood-poke,Y,4,,,,,,
6093,topping-seafood,poke,Poke,Jade Eiger,,,,6093-topping-seafood-poke,Y,4,,,,,,
6094,topping-seafood,poke,Poke,Jade Eiger,,,,6094-topping-seafood-poke,Y,4,,,,,,
6095,topping-seafood,poke,Poke,Jade Eiger,,,,6095-topping-seafood-poke,Y,4,,,,,,
6100,topping-seafood,octopus,Octopus,Stefanos Vasdekis,,,,6100-topping-seafood-octopus,Y,3,,,,,,
6110,topping-seafood,oysters,Oysters,Jared Goodman,,,,6110-topping-seafood-oysters,Y,3,,,,,,
6111,topping-seafood,oysters,Royal Oysters,Jared Goodman,,,,6111-topping-seafood-oysters,Y,3,,,,,,
6120,topping-seafood,endangered,Dolphin,Skylar Shafer,,,,6120-topping-seafood-endangered,Y,2,,,,,,
6121,topping-seafood,endangered,Sea Turtle,Skylar Shafer,,,,6121-topping-seafood-endangered,Y,2,,,,,,
6130,topping-seafood,umi,Umi Sea Urchin,Hosugi,,,,6130-topping-seafood-umi,Y,2,,,,,,
6131,topping-seafood,umi,Umi Sea Urchin,Hosugi,,,,6131-topping-seafood-umi,Y,2,,,,,,
6132,topping-seafood,umi,Umi Sea Urchin,Hosugi,,,,6132-topping-seafood-umi,Y,2,,,,,,
6200,topping-bugs,crickets,Crickets,AJ,,,,6200-topping-bugs-crickets,Y,1,,,,,,
6201,topping-bugs,crickets,Crickets,AJ,,,,6201-topping-bugs-crickets,Y,1,,,,,,
6210,topping-bugs,worms,Worms,Stephen Judge,,,,6210-topping-bugs-worms,Y,4,,,,,,
6220,topping-bugs,wasp,Wasp,Stayseaart,,,,6220-topping-bugs-wasp,Y,0.75,,,,,,
6230,topping-bugs,cicada,Cicada,necatuss,,,,6230-topping-bugs-cicada,Y,1,,,,,,
6240,toppings-bugs,maggots,Red Devil Maggot,@twitchitt,,,,6240-toppings-bugs-maggots,Y,0.25,,,,,,
6241,toppings-bugs,maggots,Purple Pizza Eater,@twitchitt,,,,6241-toppings-bugs-maggots,Y,0.25,,,,,,
6250,toppings-bugs,spiders,Zac Kenny,,,,,6250-toppings-bugs-spiders,Y,1,,,,,,
6251,toppings-bugs,spiders,Zac Kenny,,,,,6251-toppings-bugs-spiders,Y,1,,,,,,
6252,toppings-bugs,spiders,Zac Kenny,,,,,6252-toppings-bugs-spiders,Y,1,,,,,,
6253,toppings-bugs,spiders,Zac Kenny,,,,,6253-toppings-bugs-spiders,Y,1,,,,,,
6254,toppings-bugs,spiders,Zac Kenny,,,,,6254-toppings-bugs-spiders,Y,1,,,,,,
6255,toppings-bugs,spiders,Zac Kenny,,,,,6255-toppings-bugs-spiders,Y,1,,,,,,
6300,toppings-herb,hibiscus,WTF,Christopher L Rodgers,,Chris__Rodgers,,6300-toppings-herb-hibiscus,Y,5,,,,,,
6301,toppings-herb,hibiscus,WTF,Christopher L Rodgers,,Chris__Rodgers,,6301-toppings-herb-hibiscus,Y,5,,,,,,
6310,toppings-herb,cannabis,Baked Bud,Jaymes Westfall ,,,,6310-toppings-herb-cannabis,Y,2,,,,,,
6311,toppings-herb,cannabis,Baked Bud,Jaymes Westfall ,,,,6311-toppings-herb-cannabis,Y,2,,,,,,
6312,toppings-herb,cannabis,Baked Bud,Jaymes Westfall ,,,,6312-toppings-herb-cannabis,Y,2,,,,,,
6313,toppings-herb,cannabis,Baked Bud,Jaymes Westfall ,,,,6313-toppings-herb-cannabis,Y,2,,,,,,
6314,toppings-herb,cannabis,Baked Bud,Jaymes Westfall ,,,,6314-toppings-herb-cannabis,Y,2,,,,,,
6315,toppings-herb,cannabis,Baked Bud,Jaymes Westfall ,,,,6315-toppings-herb-cannabis,Y,2,,,,,,
6316,toppings-herb,cannabis,Baked Bud,Jaymes Westfall ,,,,6316-toppings-herb-cannabis,Y,2,,,,,,
6320,toppings-herb,basil,Basic Basil,Adriana Skura,,,,6320-toppings-herb-basil,Y,2,,,,,,
6321,toppings-herb,basil,Basil with a bite,Adriana Skura,,,,6321-toppings-herb-basil,Y,2,,,,,,
6322,toppings-herb,basil,Basil with a bloody bite,Adriana Skura,,,,6322-toppings-herb-basil,Y,2,,,,,,
6330,toppings-herb,hemp,Hemp,,,,,6330-toppings-herb-hemp,Y,2,,,,,,
6331,toppings-herb,hemp,Hemp,,,,,6331-toppings-herb-hemp,Y,2,,,,,,
6400,topping-eggs,dino,Dino,hamm / Squirty Mayo submitted on in case hamm didnt,,,,6400-topping-eggs-dino,Y,9,,,,,,
6410,topping-eggs,gold,Gold,VinnyR,,,,6410-topping-eggs-gold,Y,9,,,,,,
6420,topping-eggs,goose,Goose,Joe Carter (WIP),,,,6420-topping-eggs-goose,Y,4.5,,,,,,
6421,topping-eggs,faberge,Faberge,Robin (Rejected),,,,6421-topping-eggs-faberge,N,,,,,,,
6500,topping-space,astronaut,Astronaut,,,,,6500-topping-space-astronaut,N,,,,,,,
6510,topping-space,lunarlander,Lunar Lander,Zade Shafer,,,,6510-topping-space-lunarlander,Y,,,,,,,
6520,topping-space,sputnik,Sputnik,Austin Hill,,,,6520-topping-space-sputnik,N,,,,,,,
6530,topping-space,shrimp,Space Shrimp,Anthony Shafer,,,,6530-topping-space-shrimp,Y,,,,,,,
6540,topping-space,robot,Robot,Benjamin Shafer,,,,6540-topping-space-robot,Y,,,,,,,
6550,topping-space,movielight,movielight,,,,,6550-topping-space-movielight,Y,,,,,,,
6560,topping-space,tesla,Tesla,TheShapeMaker,,,,6560-topping-space-tesla,Y,,,,,,,
6570,topping-space,meateorite,Meteorite,,,,,6570-topping-space-meateorite,Y,,,,,,,
6571,topping-space,meateorite,Meteorite,,,,,6571-topping-space-meateorite,Y,,,,,,,
6572,topping-space,meateorite,Meteorite,,,,,6572-topping-space-meateorite,Y,,,,,,,
6573,topping-space,meateorite,Meteorite,,,,,6573-topping-space-meateorite,Y,,,,,,,
6574,topping-space,meateorite,Meteorite,,,,,6574-topping-space-meateorite,Y,,,,,,,
6580,topping-space,madamealien,Madame Alien,,,,,6580-topping-space-madamealien,Y,,,,,,,
6581,topping-space,madamealien,Madame Alien,,,,,6581-topping-space-madamealien,Y,,,,,,,
6582,topping-space,madamealien,Madame Alien,,,,,6582-topping-space-madamealien,Y,,,,,,,
6583,topping-space,madamealien,Madame Alien,,,,,6583-topping-space-madamealien,Y,,,,,,,
6584,topping-space,madamealien,Madame Alien,,,,,6584-topping-space-madamealien,Y,,,,,,,
6585,topping-space,madamealien,Madame Alien,,,,,6585-topping-space-madamealien,Y,,,,,,,
6590,topping-space,,,,,,,6590-topping-space-,N,,,,,,,
6700,topping-misc,dilldough,Dill Dough Peperoni,Jennifer Stein,,,,6700-topping-misc-dilldough,Y,,,,,,,
6701,topping-misc,dilldough,Dill Dough Basil,Jennifer Stein,,,,6701-topping-misc-dilldough,Y,,,,,,,
6702,topping-misc,dilldough,Dill Dough Mushrooms,Jennifer Stein,,,,6702-topping-misc-dilldough,Y,,,,,,,
6703,topping-misc,dilldough,Dill Dough Pineapple,Jennifer Stein,,,,6703-topping-misc-dilldough,Y,,,,,,,
6704,topping-misc,dilldough,Dill Dough Red Pepper,Jennifer Stein,,,,6704-topping-misc-dilldough,Y,,,,,,,
6705,topping-misc,dilldough,Dill Dough Yellow Pepper,Jennifer Stein,,,,6705-topping-misc-dilldough,Y,,,,,,,
6710,topping-misc,puzzle,Puzzle,Don Glee,,,,6710-topping-misc-puzzle,Y,,,,,,,
6711,topping-misc,puzzle,Puzzle,Don Glee,,,,6711-topping-misc-puzzle,Y,,,,,,,
6712,topping-misc,puzzle,Puzzle,Don Glee,,,,6712-topping-misc-puzzle,Y,,,,,,,
6713,topping-misc,puzzle,Puzzle,Don Glee,,,,6713-topping-misc-puzzle,Y,,,,,,,
6714,topping-misc,puzzle,Puzzle,Don Glee,,,,6714-topping-misc-puzzle,Y,,,,,,,
6715,topping-misc,puzzle,Puzzle,Don Glee,,,,6715-topping-misc-puzzle,Y,,,,,,,
6720,topping-misc,goldflakes,Gold Flakes,Slyce,,,,6720-topping-misc-goldflakes,Y,,,,,,,
6721,topping-misc,goldflakes,Gold Flakes,Slyce,,,,6721-topping-misc-goldflakes,Y,,,,,,,
6722,topping-misc,goldflakes,Gold Flakes,Slyce,,,,6722-topping-misc-goldflakes,Y,,,,,,,
6730,topping-misc,diamonds,Diamonds,Joshua Herbert,,,,6730-topping-misc-diamonds,Y,,,,,,,
6731,topping-misc,diamonds,Diamonds,Joshua Herbert,,,,6731-topping-misc-diamonds,Y,,,,,,,
6732,topping-misc,diamonds,Diamonds,Joshua Herbert,,,,6732-topping-misc-diamonds,Y,,,,,,,
6740,topping-misc,twinkieweiner,Twinky Weiner Sandwich,Matthew Ward,,,,6740-topping-misc-twinkieweiner,Y,,,,,,,
6750,topping-misc,paintstrokes,Wave Paint Stroke,Matthew Stone,,artmatthewstone,,6750-topping-misc-paintstrokes,Y,2,,,,,,
6751,topping-misc,paintstrokes,Orange Paint Strokes,Matthew Stone,,artmatthewstone,,6751-topping-misc-paintstrokes,Y,2,,,,,,
6752,topping-misc,paintstrokes,Red Paint Strokes,Matthew Stone,,artmatthewstone,,6752-topping-misc-paintstrokes,Y,2,,,,,,
6753,topping-misc,paintstrokes,Cresting Wave Paint Strokes,Matthew Stone,,artmatthewstone,,6753-topping-misc-paintstrokes,Y,2,,,,,,
6754,topping-misc,paintstrokes,Seafoam Paint Strokes,Matthew Stone,,artmatthewstone,,6754-topping-misc-paintstrokes,Y,2,,,,,,
6760,topping-misc,thingswitheyes,Things With Eyes,John Burgerman,,,,,,,,,,,,
6761,topping-misc,thingswitheyes,Things With Eyes,John Burgerman,,,,,,,,,,,,
6762,topping-misc,thingswitheyes,Things With Eyes,John Burgerman,,,,,,,,,,,,
6763,topping-misc,thingswitheyes,Things With Eyes,John Burgerman,,,,,,,,,,,,
6770,topping-misc,dogtoy,Dog Toy,,Pizza Granny,,,,,,,,,,,
6771,topping-misc,dogtoy,Dog Toy,,Pizza Granny,,,,,,,,,,,
6772,topping-misc,dogtoy,Dog Toy,,Pizza Granny,,,,,,,,,,,
6773,topping-misc,dogtoy,Dog Toy,,Pizza Granny,,,,,,,,,,,
,,,,,,,,,,,,,,,,
,,,,,,,,,,,,,,,,
,,,,,,,,,,,,,,,,
,,,,,,,,,,,,,,,,
6800,topping-snax,snaprocks,Snap Rocks,Roze,,,,6800-topping-snax-snaprocks,Y,0.75,,,,,,
6801,topping-snax,snaprocks,Snap Rocks,Roze,,,,6801-topping-snax-snaprocks,Y,0.75,,,,,,
6802,topping-snax,snaprocks,Snap Rocks,Roze,,,,6802-topping-snax-snaprocks,Y,0.75,,,,,,
6803,topping-snax,snaprocks,Snap Rocks,Roze,,,,6803-topping-snax-snaprocks,Y,0.75,,,,,,
6820,topping-snax,starcandies,Star Candies,Michael Karam Byun,,,,6820-topping-snax-starcandies,Y,0.75,,,,,,
6821,topping-snax,starcandies,Star Candies,Michael Karam Byun,,,,6821-topping-snax-starcandies,Y,0.75,,,,,,
6822,topping-snax,starcandies,Star Candies,Michael Karam Byun,,,,6822-topping-snax-starcandies,Y,0.75,,,,,,
6823,topping-snax,starcandies,Star Candies,Michael Karam Byun,,,,6823-topping-snax-starcandies,Y,0.75,,,,,,
6824,topping-snax,starcandies,Star Candies,Michael Karam Byun,,,,6824-topping-snax-starcandies,Y,0.75,,,,,,
6825,topping-snax,starcandies,Star Candies,Michael Karam Byun,,,,6825-topping-snax-starcandies,Y,0.75,,,,,,
6826,topping-snax,starcandies,Star Candies,Michael Karam Byun,,,,6826-topping-snax-starcandies,Y,0.75,,,,,,
6827,topping-snax,starcandies,Star Candies,Michael Karam Byun,,,,6827-topping-snax-starcandies,Y,0.75,,,,,,
6830,topping-snax,icecream,Vanilla Ice Cream,Kevin Pohle,,,,6830-topping-snax-icecream,Y,6,,,,,,
6831,topping-snax,icecream,Strawberry Ice Cream,Kevin Pohle,,,,6831-topping-snax-icecream,Y,6,,,,,,
6832,topping-snax,icecream,Chocolate Ice Cream,Kevin Pohle,,,,6832-topping-snax-icecream,Y,6,,,,,,
6840,topping-snax,popcorn,Popcorn,Untitled Day,,,,6840-topping-snax-popcorn,Y,1,,,,,,
6841,topping-snax,popcorn,Popcorn,Untitled Day,,,,6841-topping-snax-popcorn,Y,1,,,,,,
6842,topping-snax,popcorn,Popcorn,Untitled Day,,,,6842-topping-snax-popcorn,Y,1,,,,,,
6843,topping-snax,popcorn,Popcorn,Untitled Day,,,,6843-topping-snax-popcorn,Y,1,,,,,,
6844,topping-snax,popcorn,Popcorn,Untitled Day,,,,6844-topping-snax-popcorn,Y,1,,,,,,
6845,topping-snax,popcorn,Popcorn,Untitled Day,,,,6845-topping-snax-popcorn,Y,1,,,,,,
6900,topping-crypto,defifriends,DeFi Friends,,,,,6900-topping-crypto-defifriends,N,,,,,,,
7000,extra-crypto,swoledoge,Swole Doge,Wayne,,,,7000-extra-crypto-swoledoge,Y,7,,,,,,
7001,extra-crypto,swoledoge,Swole Doge,Wayne,,,,7001-extra-crypto-swoledoge,Y,7,,,,,,
7002,extra-crypto,swoledoge,Swole Doge,Wayne,,,,7002-extra-crypto-swoledoge,Y,7,,,,,,
7003,extra-crypto,swoledoge,Swole Doge,Wayne,,,,7003-extra-crypto-swoledoge,Y,7,,,,,,
7010,extra-crypto,laszlo,Laszlo,Alex,,,,7010-extra-crypto-laszlo,Y,5,,,,,,
7011,extra-crypto,laszlo,Laszlo,Alex,,,,7011-extra-crypto-laszlo,Y,5,,,,,,
7012,extra-crypto,laszlo,Laszlo,Alex,,,,7012-extra-crypto-laszlo,Y,5,,,,,,
7013,extra-crypto,laszlo,Laszlo,Alex,,,,7013-extra-crypto-laszlo,Y,5,,,,,,
7014,extra-crypto,laszlo,Laszlo,Alex,,,,7014-extra-crypto-laszlo,Y,5,,,,,,
7100,extra-bugs,maggots,Maggots,@twitchitt,,,,7100-extra-bugs-maggots,Y,0.5,,,,,,
7200,extra-misc,chirstmaslights,Christmas Lights,@AmyforCryptoArt ,,,,7200-extra-misc-chirstmaslights,Y,9,,,,,,
8000,extra-special,rockandrolltesla,Tesla,The Shape Maker,,,,8000-extra-special-rockandrolltesla,Y,2.5,,,,,,
8020,extra-special,poplogo,Exploding Snap Rocks Blue,Roze,,,,8020-extra-special-poplogo,Y,4,,,,,,
8021,extra-special,poplogo,Exploding Snap Rocks Pink,Roze,,,,8021-extra-special-poplogo,Y,4,,,,,,
8030,extra-special,nyanpizza,,Nika KotlaÃÅrikovaÃÅ ,,,,8030-extra-special-nyanpizza,Y,6,,,,,,
8040,extra-special,buttons,,,,,,8040-extra-special-buttons,Y,1,,,,,,
8041,extra-special,buttons,,,,,,8041-extra-special-buttons,Y,1,,,,,,
8042,extra-special,buttons,,,,,,8042-extra-special-buttons,Y,1,,,,,,
8043,extra-special,buttons,,,,,,8043-extra-special-buttons,Y,1,,,,,,
8044,extra-special,buttons,,,,,,8044-extra-special-buttons,Y,1,,,,,,
8045,extra-special,buttons,,,,,,8045-extra-special-buttons,Y,1,,,,,,
9000,seasoning,pepperflakes,,,,,,,,,,,,,,
,,,,,,,,,,,,,,,,
,,,,,,,,,,,,,,,,
,,,,,,,,,,,,,,,,
,,,,,,,,,,,,,,,,
8100,extra-squirt,,Squirty Mayonnaise,Ed Mason,,,,8100-extra-squirt-,N,,,,,,,
8110,extra-squirt,,Hot Sauceüî•,AJ Colores / Audio Visual Cult,,,,8110-extra-squirt-,N,,,,,,,
8120,extra-squirt,,Spicy Honey,Love,,,,8120-extra-squirt-,N,,,,,,,
8130,extra-squirt,ranch,Ranch,Hallie,,,,8130-extra-squirt-ranch,Y,9,,,,,,
8140,extra-squirt,cheesewizz,Cheeze Wizz,BlockchainCollectiV,,,,8140-extra-squirt-cheesewizz,Y,8,,,,,,
8150,extra-squirt,peptomics,Peptomics Avarice,Johannes Blank,,,,8150-extra-squirt-peptomics,Y,1,,,,,,
8151,extra-squirt,peptomics,Peptomics Envy,Johannes Blank,,,,8151-extra-squirt-peptomics,Y,1,,,,,,
8152,extra-squirt,peptomics,Peptomics Gluttony,Johannes Blank,,,,8152-extra-squirt-peptomics,Y,1,,,,,,
8153,extra-squirt,peptomics,Peptomics Lust,Johannes Blank,,,,8153-extra-squirt-peptomics,Y,1,,,,,,
8154,extra-squirt,peptomics,Peptomics Pride,Johannes Blank,,,,8154-extra-squirt-peptomics,Y,1,,,,,,
8155,extra-squirt,peptomics,Peptomics Sloth,Johannes Blank,,,,8155-extra-squirt-peptomics,Y,1,,,,,,
8156,extra-squirt,peptomics,Peptomics Rath,Johannes Blank,,,,8156-extra-squirt-peptomics,Y,1,,,,,,
8160,extra-pizza,mafia,The Pizza Mafia,Paul van der Meer,,,,8160-extra-pizza-mafia,Y,,,,,,,
8161,extra-pizza,mafia,The Pizza Mafia,Paul van der Meer,,,,8161-extra-pizza-mafia,Y,,,,,,,
8162,extra-pizza,mafia,The Pizza Mafia,Paul van der Meer,,,,8162-extra-pizza-mafia,Y,,,,,,,
8163,extra-pizza,mafia,The Pizza Mafia,Paul van der Meer,,,,8163-extra-pizza-mafia,Y,,,,,,,
8164,extra-pizza,mafia,The Pizza Mafia,Paul van der Meer,,,,8164-extra-pizza-mafia,Y,,,,,,,
8170,extra-nft,antinfta,AntiNFTa,Antinfta,,,,8170-extra-nft-antinfta,Y,,,,,,,
9000,seasoning-spice,glitter,Red glitter Sauce ,Lauren Simon,,,,9000-seasoning-spice-glitter,N,,,,,,,
9010,seasoning-spice,cardamon,,mdem (WIP),,,,9010-seasoning-spice-cardamon,N,,,,,,,
9020,seasoning-spice,paprika,,,,,,9020-seasoning-spice-paprika,N,,,,,,,
9030,seasoning-spice,blackpepper,,,,,,9030-seasoning-spice-blackpepper,N,,,,,,,
9040,seasoning-spice,pepperflakes,,,,,,9040-seasoning-spice-pepperflakes,N,,,,,,,
9050,seasoning-spice,garlicpowder,,,,,,9050-seasoning-spice-garlicpowder,N,,,,,,,
9060,seasoning-spice,oregano,Oregano,,,,,9060-seasoning-spice-oregano,Y,,,,,,,
9060,seasoning-spice,parsley,Parsley,,,,,9060-seasoning-spice-parsley,Y,,,,,,,
9061,seasoning-spice,parsley,Parsley,,,,,9061-seasoning-spice-parsley,Y,,,,,,,
9062,seasoning-spice,parsley,Parsley,,,,,9062-seasoning-spice-parsley,Y,,,,,,,
9063,seasoning-spice,parsley,Parsley,,,,,9063-seasoning-spice-parsley,Y,,,,,,,
9051,topping-seafood,Crab,,,,,,9051-topping-seafood-Crab,N,,,,,,,
9052,topping-seafood,Crab Claw,,,,,,9052-topping-seafood-Crab Claw,N,,,,,,,
 ,topping-fruit,banana,Banana,JOAN,,,, -topping-fruit-banana,Y,,,,,,,
,,,,,,,,--,N,,,,,,,
,topping-meat,,Chopped Liver,Joe Saavedra,,,,-topping-meat-,N,,,,,,,
9696,topping-fruit,Orange Peel,Orange Peel,Phillip Reay,,,,9696-orangepeel-v1.png,,,,,,,,